fact_id,district,block_or_village,contaminant,value,unit,statistic,sampling_period,publication_year,source_title,source_url,pdf_page_number,exact_quote,source_type
F001,Nadia,Karimpur,arsenic,0.332,mg l⁻¹,max,2015 – 16,2017,Ground Water Year Book of West Bengal & Andaman & Nicobar Islands (2015-2016),https://cgwb.gov.in/cgwbpnm/public/uploads/documents/1687515522384483915file.pdf,49,0.332 Karimpur I Karimpur,government
F002,Nadia,,arsenic,84,sample,count_exceeding,2015 – 16,2017,Ground Water Year Book of West Bengal & Andaman & Nicobar Islands (2015-2016),https://cgwb.gov.in/cgwbpnm/public/uploads/documents/1687515522384483915file.pdf,49,84,government
F003,Nadia,Napatipara,arsenic,24.2,ppb,single,UNKNOWN,2025,Annual Ground Water Quality Report-2025,https://cgwb.gov.in/cgwbpnm/public/uploads/documents/1762854375262680475file.pdf,104,Hand Pump 24.2,government
F004,Nadia,Sahidpally,arsenic,141.7,ppb,single,UNKNOWN,2025,Annual Ground Water Quality Report-2025,https://cgwb.gov.in/cgwbpnm/public/uploads/documents/1762854375262680475file.pdf,104,Hand Pump 141.7,government
F005,Nadia,,arsenic,12,µg L(-1),range_min,UNKNOWN,2015,"Assessment of toxic metals in groundwater and saliva in an arsenic affected area of West Bengal, India: A pilot scale study",https://pubmed.ncbi.nlm.nih.gov/26188634/,,range: 12-1064 µg L(-1),peer_reviewed
F006,Nadia,,arsenic,1064,µg L(-1),range_max,UNKNOWN,2015,"Assessment of toxic metals in groundwater and saliva in an arsenic affected area of West Bengal, India: A pilot scale study",https://pubmed.ncbi.nlm.nih.gov/26188634/,,range: 12-1064 µg L(-1),peer_reviewed
F007,Nadia,,arsenic,329,µg L(-1),mean,UNKNOWN,2015,"Assessment of toxic metals in groundwater and saliva in an arsenic affected area of West Bengal, India: A pilot scale study",https://pubmed.ncbi.nlm.nih.gov/26188634/,,mean ± S.D: 329±294 µg L(-1),peer_reviewed
F008,Nadia,Utr Kechuadanga,fluoride,0.02,mg/L,single,"Apr, 2022",2023,Ground Water Quality of West Bengal,https://cgwb.gov.in/cgwbpnm/public/uploads/documents/170799987922095186file.pdf,102,0.02,government
F009,Nadia,Mahisbathan,fluoride,0.76,mg/L,single,"Apr, 2022",2023,Ground Water Quality of West Bengal,https://cgwb.gov.in/cgwbpnm/public/uploads/documents/170799987922095186file.pdf,102,0.76,government
F010,Nadia,Bhajanghat,fluoride,0.16,mg/L,single,"Apr, 2022",2023,Ground Water Quality of West Bengal,https://cgwb.gov.in/cgwbpnm/public/uploads/documents/170799987922095186file.pdf,102,0.16,government
F011,North 24 Parganas,Jatragachi,arsenic,0.761,mg l⁻¹,max,2015 – 16,2017,Ground Water Year Book of West Bengal & Andaman & Nicobar Islands (2015-2016),https://cgwb.gov.in/cgwbpnm/public/uploads/documents/1687515522384483915file.pdf,49,0.761 Rajarhat Jatragachi,government
F012,North 24 Parganas,,arsenic,52,sample,count_exceeding,2015 – 16,2017,Ground Water Year Book of West Bengal & Andaman & Nicobar Islands (2015-2016),https://cgwb.gov.in/cgwbpnm/public/uploads/documents/1687515522384483915file.pdf,49,52,government
F013,North 24 Parganas,Halisahar,fluoride,0.51,mg/L,single,"Apr, 2022",2023,Ground Water Quality of West Bengal,https://cgwb.gov.in/cgwbpnm/public/uploads/documents/170799987922095186file.pdf,101,0.51,government
F014,North 24 Parganas,Gopalnagar,fluoride,0.21,mg/L,single,"Apr, 2022",2023,Ground Water Quality of West Bengal,https://cgwb.gov.in/cgwbpnm/public/uploads/documents/170799987922095186file.pdf,102,0.21,government
F015,North 24 Parganas,Rajarhat,fluoride,0.24,mg/L,single,"Apr, 2022",2023,Ground Water Quality of West Bengal,https://cgwb.gov.in/cgwbpnm/public/uploads/documents/170799987922095186file.pdf,102,0.24,government
F016,North 24 Parganas,Baduria,arsenic,1366,samples,count_exceeding,2014–2017,UNVERIFIED,"Arsenic and Fluoride in Drinking Water in West Bengal: Characteristics, Implications, and Mitigation",https://www.adb.org/sites/default/files/linked-documents/49107-006-sd-01.pdf,8,"1,366",multilateral
F017,North 24 Parganas,Basirhat I,arsenic,1157,samples,count_exceeding,2014–2017,UNVERIFIED,"Arsenic and Fluoride in Drinking Water in West Bengal: Characteristics, Implications, and Mitigation",https://www.adb.org/sites/default/files/linked-documents/49107-006-sd-01.pdf,8,"1,157",multilateral
F018,North 24 Parganas,Gaighata,arsenic,805,samples,count_exceeding,2014–2017,UNVERIFIED,"Arsenic and Fluoride in Drinking Water in West Bengal: Characteristics, Implications, and Mitigation",https://www.adb.org/sites/default/files/linked-documents/49107-006-sd-01.pdf,8,805,multilateral
F019,North 24 Parganas,Swarupnagar,arsenic,867,samples,count_exceeding,2014–2017,UNVERIFIED,"Arsenic and Fluoride in Drinking Water in West Bengal: Characteristics, Implications, and Mitigation",https://www.adb.org/sites/default/files/linked-documents/49107-006-sd-01.pdf,8,867,multilateral
F020,Murshidabad,Ranjitpara,arsenic,0.405,mg l⁻¹,max,2015 – 16,2017,Ground Water Year Book of West Bengal & Andaman & Nicobar Islands (2015-2016),https://cgwb.gov.in/cgwbpnm/public/uploads/documents/1687515522384483915file.pdf,49,0.405 Mur-Jiaganj Ranjitpara,government
F021,Murshidabad,,arsenic,64,sample,count_exceeding,2015 – 16,2017,Ground Water Year Book of West Bengal & Andaman & Nicobar Islands (2015-2016),https://cgwb.gov.in/cgwbpnm/public/uploads/documents/1687515522384483915file.pdf,49,64,government
F022,Murshidabad,Daulatabad,fluoride,0.09,mg/L,single,"Apr, 2022",2023,Ground Water Quality of West Bengal,https://cgwb.gov.in/cgwbpnm/public/uploads/documents/170799987922095186file.pdf,101,0.09,government
F023,Murshidabad,Saidpur,fluoride,0.08,mg/L,single,"Apr, 2022",2023,Ground Water Quality of West Bengal,https://cgwb.gov.in/cgwbpnm/public/uploads/documents/170799987922095186file.pdf,101,0.08,government
F024,Murshidabad,Gangedda,fluoride,0.74,mg/L,single,"Apr, 2022",2023,Ground Water Quality of West Bengal,https://cgwb.gov.in/cgwbpnm/public/uploads/documents/170799987922095186file.pdf,101,0.74,government
F025,Murshidabad,Purandarpur,fluoride,1.00,mg/L,single,"Apr, 2022",2023,Ground Water Quality of West Bengal,https://cgwb.gov.in/cgwbpnm/public/uploads/documents/170799987922095186file.pdf,101,1.00,government
F026,Malda,Sujapur,arsenic,0.402,mg l⁻¹,max,2015 – 16,2017,Ground Water Year Book of West Bengal & Andaman & Nicobar Islands (2015-2016),https://cgwb.gov.in/cgwbpnm/public/uploads/documents/1687515522384483915file.pdf,49,0.402 Kaliachak I Sujapur,government
F027,Malda,,arsenic,43,sample,count_exceeding,2015 – 16,2017,Ground Water Year Book of West Bengal & Andaman & Nicobar Islands (2015-2016),https://cgwb.gov.in/cgwbpnm/public/uploads/documents/1687515522384483915file.pdf,49,43,government
F028,Malda,Bamangola,fluoride,0.16,mg/L,single,"Apr, 2022",2023,Ground Water Quality of West Bengal,https://cgwb.gov.in/cgwbpnm/public/uploads/documents/170799987922095186file.pdf,100,0.16,government
F029,Malda,Khiripara(Makuli),fluoride,0.20,mg/L,single,"Apr, 2022",2023,Ground Water Quality of West Bengal,https://cgwb.gov.in/cgwbpnm/public/uploads/documents/170799987922095186file.pdf,100,0.20,government
F030,Malda,Kadubari(Gazole),fluoride,0.60,mg/L,single,"Apr, 2022",2023,Ground Water Quality of West Bengal,https://cgwb.gov.in/cgwbpnm/public/uploads/documents/170799987922095186file.pdf,100,0.60,government
F031,Malda,Matoil,fluoride,0.24,mg/L,single,"Apr, 2022",2023,Ground Water Quality of West Bengal,https://cgwb.gov.in/cgwbpnm/public/uploads/documents/170799987922095186file.pdf,100,0.24,government
F032,South 24 Parganas,Dhopar more,arsenic,0.083,mg l⁻¹,max,2015 – 16,2017,Ground Water Year Book of West Bengal & Andaman & Nicobar Islands (2015-2016),https://cgwb.gov.in/cgwbpnm/public/uploads/documents/1687515522384483915file.pdf,49,0.083 Bishnupur II Dhopar more,government
F033,South 24 Parganas,,arsenic,7,sample,count_exceeding,2015 – 16,2017,Ground Water Year Book of West Bengal & Andaman & Nicobar Islands (2015-2016),https://cgwb.gov.in/cgwbpnm/public/uploads/documents/1687515522384483915file.pdf,49,7,government
F034,South 24 Parganas,Hatuganj,fluoride,0.20,mg/L,single,"Apr, 2022",2023,Ground Water Quality of West Bengal,https://cgwb.gov.in/cgwbpnm/public/uploads/documents/170799987922095186file.pdf,107,0.20,government
F035,South 24 Parganas,Goragacha,fluoride,0.47,mg/L,single,"Apr, 2022",2023,Ground Water Quality of West Bengal,https://cgwb.gov.in/cgwbpnm/public/uploads/documents/170799987922095186file.pdf,107,0.47,government
F036,South 24 Parganas,Barisha,fluoride,0.23,mg/L,single,"Apr, 2022",2023,Ground Water Quality of West Bengal,https://cgwb.gov.in/cgwbpnm/public/uploads/documents/170799987922095186file.pdf,107,0.23,government
F037,South 24 Parganas,Bhojerhat,fluoride,0.19,mg/L,single,"Apr, 2022",2023,Ground Water Quality of West Bengal,https://cgwb.gov.in/cgwbpnm/public/uploads/documents/170799987922095186file.pdf,107,0.19,government
F038,South 24 Parganas,Nungi,fluoride,0.12,mg/L,single,"Apr, 2022",2023,Ground Water Quality of West Bengal,https://cgwb.gov.in/cgwbpnm/public/uploads/documents/170799987922095186file.pdf,107,0.12,government
F039,Birbhum,,fluoride,0.33,mg/L,range_min,UNKNOWN,2016,"Inferring the fluoride hydrogeochemistry and effect of consuming fluoride-contaminated drinking water on human health in some endemic areas of Birbhum district, West Bengal",https://pubmed.ncbi.nlm.nih.gov/26164468/,,0.33 to 18.08 mg/L,peer_reviewed
F040,Birbhum,,fluoride,18.08,mg/L,range_max,UNKNOWN,2016,"Inferring the fluoride hydrogeochemistry and effect of consuming fluoride-contaminated drinking water on human health in some endemic areas of Birbhum district, West Bengal",https://pubmed.ncbi.nlm.nih.gov/26164468/,,0.33 to 18.08 mg/L,peer_reviewed
F041,Birbhum,Khayrasole and Rajnagar,fluoride,0.3,mg/L,range_min,pre-monsoon and post-monsoon in 2016,2021,"Sensitive assessment of groundwater-associated, multi-exposure health hazards in a fluoride-enriched region of West Bengal, India",https://pubmed.ncbi.nlm.nih.gov/33893897/,,Fluoride concentration fluctuated from 0.3 to 17.6 mg/L,peer_reviewed
F042,Birbhum,Khayrasole and Rajnagar,fluoride,17.6,mg/L,range_max,pre-monsoon and post-monsoon in 2016,2021,"Sensitive assessment of groundwater-associated, multi-exposure health hazards in a fluoride-enriched region of West Bengal, India",https://pubmed.ncbi.nlm.nih.gov/33893897/,,Fluoride concentration fluctuated from 0.3 to 17.6 mg/L,peer_reviewed
F043,Birbhum,Rajnagar,fluoride,0.23,mg/L,single,"Apr, 2022",2023,Ground Water Quality of West Bengal,https://cgwb.gov.in/cgwbpnm/public/uploads/documents/170799987922095186file.pdf,94,0.23,government
F044,Bankura,,fluoride,2.9,mg/L,max,UNKNOWN,2022,Aquifer Mapping and Management of Ground Water Resources: Bankura District West Bengal,https://cgwb.gov.in/cgwbpnm/public/uploads/documents/16905335181706431115file.pdf,94,Fluoride (mg/L) 1 1.5 26.3 11.8 2.9 Traces,government
F045,Bankura,Belsula,fluoride,0.14,mg/L,single,"Apr, 2022",2023,Ground Water Quality of West Bengal,https://cgwb.gov.in/cgwbpnm/public/uploads/documents/170799987922095186file.pdf,91,0.14,government
F046,Bankura,Jayrampur,fluoride,0.13,mg/L,single,"Apr, 2022",2023,Ground Water Quality of West Bengal,https://cgwb.gov.in/cgwbpnm/public/uploads/documents/170799987922095186file.pdf,91,0.13,government
F047,Bankura,Kharkasuli,fluoride,0.03,mg/L,single,"Apr, 2022",2023,Ground Water Quality of West Bengal,https://cgwb.gov.in/cgwbpnm/public/uploads/documents/170799987922095186file.pdf,91,0.03,government
F048,Bankura,Chhatna,fluoride,67,samples,count_exceeding,2013–2017,UNVERIFIED,"Arsenic and Fluoride in Drinking Water in West Bengal: Characteristics, Implications, and Mitigation",https://www.adb.org/sites/default/files/linked-documents/49107-006-sd-01.pdf,24,67,multilateral
F049,Bankura,Saltora,fluoride,43,samples,count_exceeding,2013–2017,UNVERIFIED,"Arsenic and Fluoride in Drinking Water in West Bengal: Characteristics, Implications, and Mitigation",https://www.adb.org/sites/default/files/linked-documents/49107-006-sd-01.pdf,24,43,multilateral
F050,Bankura,Simlipal,fluoride,167,samples,count_exceeding,2013–2017,UNVERIFIED,"Arsenic and Fluoride in Drinking Water in West Bengal: Characteristics, Implications, and Mitigation",https://www.adb.org/sites/default/files/linked-documents/49107-006-sd-01.pdf,24,167,multilateral
F051,Bankura,Bankura II,fluoride,25,samples,count_exceeding,2013–2017,UNVERIFIED,"Arsenic and Fluoride in Drinking Water in West Bengal: Characteristics, Implications, and Mitigation",https://www.adb.org/sites/default/files/linked-documents/49107-006-sd-01.pdf,24,25,multilateral
F052,Purulia,Loharsol,fluoride,0.10,mg/l,single,04-06-2023,2024,"Aquifer Management Plan of 07 Northern Blocks of Purulia District, West Bengal",https://cgwb.gov.in/cgwbpnm/public/uploads/documents/1744936456830985840file.pdf,183,0.10,government
F053,Purulia,Pathardih,fluoride,1.00,mg/l,single,04-06-2023,2024,"Aquifer Management Plan of 07 Northern Blocks of Purulia District, West Bengal",https://cgwb.gov.in/cgwbpnm/public/uploads/documents/1744936456830985840file.pdf,183,1.00,government
F054,Purulia,Plaskala,fluoride,0.16,mg/l,single,04-06-2023,2024,"Aquifer Management Plan of 07 Northern Blocks of Purulia District, West Bengal",https://cgwb.gov.in/cgwbpnm/public/uploads/documents/1744936456830985840file.pdf,183,0.16,government
F055,Purulia,Dhabani,fluoride,1.82,mg/l,single,20-06-2023,2024,"Aquifer Management Plan of 07 Northern Blocks of Purulia District, West Bengal",https://cgwb.gov.in/cgwbpnm/public/uploads/documents/1744936456830985840file.pdf,195,1.82,government
F056,Purulia,Polasdih,fluoride,2.50,mg/l,single,21-06-2023,2024,"Aquifer Management Plan of 07 Northern Blocks of Purulia District, West Bengal",https://cgwb.gov.in/cgwbpnm/public/uploads/documents/1744936456830985840file.pdf,195,2.50,government
F057,Purulia,Ropo,fluoride,1.59,mg/l,single,21-06-2023,2024,"Aquifer Management Plan of 07 Northern Blocks of Purulia District, West Bengal",https://cgwb.gov.in/cgwbpnm/public/uploads/documents/1744936456830985840file.pdf,195,1.59,government
F058,Purulia,Chirkamu,fluoride,1.87,mg/l,single,21-06-2023,2024,"Aquifer Management Plan of 07 Northern Blocks of Purulia District, West Bengal",https://cgwb.gov.in/cgwbpnm/public/uploads/documents/1744936456830985840file.pdf,195,1.87,government
F059,Purulia,Damru,fluoride,2.99,mg/l,single,21-06-2023,2024,"Aquifer Management Plan of 07 Northern Blocks of Purulia District, West Bengal",https://cgwb.gov.in/cgwbpnm/public/uploads/documents/1744936456830985840file.pdf,195,2.99,government
F060,Purulia,Konkara,fluoride,1.52,mg/l,single,21-06-2023,2024,"Aquifer Management Plan of 07 Northern Blocks of Purulia District, West Bengal",https://cgwb.gov.in/cgwbpnm/public/uploads/documents/1744936456830985840file.pdf,195,1.52,government
